{"cameraMode":{"drawMode":0,"name":"Shaded","section":"Shading Mode"},"sceneLighting":false,"audioPlay":false,"sceneViewState":{"showFog":true,"showMaterialUpdate":false,"showSkybox":false,"showFlares":true,"showImageEffects":true,"showParticleSystems":true},"in2DMode":false,"pivot":{"x":-0.5755249261856079,"y":0.5942984819412231,"z":-0.14633607864379884},"rotation":{"x":0.22993700206279756,"y":-0.36958110332489016,"z":0.09491997957229614,"w":0.8952823281288147},"size":0.9258183836936951,"orthographic":false}