{"cameraMode":{"drawMode":0,"name":"Shaded","section":"Shading Mode"},"sceneLighting":false,"audioPlay":false,"sceneViewState":{"showFog":true,"showMaterialUpdate":false,"showSkybox":false,"showFlares":true,"showImageEffects":true,"showParticleSystems":true},"in2DMode":false,"pivot":{"x":1.9426743984222413,"y":1.6589181423187256,"z":-4.888484477996826},"rotation":{"x":0.13870930671691895,"y":0.5505746006965637,"z":-0.09337671101093292,"w":0.8178684711456299},"size":3.2908616065979006,"orthographic":false}