{"cameraMode":{"drawMode":0,"name":"Shaded","section":"Shading Mode"},"sceneLighting":false,"audioPlay":false,"sceneViewState":{"showFog":true,"showMaterialUpdate":false,"showSkybox":false,"showFlares":true,"showImageEffects":true,"showParticleSystems":true},"in2DMode":false,"pivot":{"x":-1.4026598930358887,"y":1.0270259380340577,"z":0.0763016864657402},"rotation":{"x":0.10657818615436554,"y":-0.6859847903251648,"z":0.10262409597635269,"w":0.7124150991439819},"size":2.1990468502044679,"orthographic":false}